{"cameraMode":{"drawMode":1,"name":"Wireframe","section":"Shading Mode"},"sceneLighting":false,"audioPlay":false,"sceneViewState":{"m_AlwaysRefresh":false,"showFog":true,"showSkybox":false,"showFlares":true,"showImageEffects":true,"showParticleSystems":true,"showVisualEffectGraphs":true,"m_FxEnabled":true},"in2DMode":false,"pivot":{"x":89.53983306884766,"y":2.9459996223449709,"z":12.871298789978028},"rotation":{"x":0.009889621287584305,"y":0.9898800849914551,"z":-0.11033027619123459,"w":0.08872926980257034},"size":0.8326464295387268,"orthographic":false}