{"cameraMode":{"drawMode":0,"name":"Shaded","section":"Shading Mode"},"sceneLighting":true,"audioPlay":false,"sceneViewState":{"m_AlwaysRefresh":false,"showFog":true,"showSkybox":true,"showFlares":true,"showImageEffects":true,"showParticleSystems":true,"showVisualEffectGraphs":true,"m_FxEnabled":true},"in2DMode":false,"pivot":{"x":97.69196319580078,"y":29.198266983032228,"z":-26.864990234375},"rotation":{"x":0.30520033836364748,"y":-0.08410926908254624,"z":0.027198422700166704,"w":0.9482066631317139},"size":0.7745834589004517,"orthographic":false}