{"cameraMode":{"drawMode":0,"name":"Shaded","section":"Shading Mode"},"sceneLighting":true,"audioPlay":false,"sceneViewState":{"m_AlwaysRefresh":false,"showFog":true,"showSkybox":true,"showFlares":true,"showImageEffects":true,"showParticleSystems":true,"showVisualEffectGraphs":true,"m_FxEnabled":true},"in2DMode":false,"pivot":{"x":83.6137466430664,"y":-21.155141830444337,"z":27.625810623168947},"rotation":{"x":-0.40013986825942995,"y":0.03451232612133026,"z":-0.01530896034091711,"w":-0.9158672094345093},"size":38.362571716308597,"orthographic":false}