{"cameraMode":{"drawMode":0,"name":"Shaded","section":"Shading Mode"},"sceneLighting":true,"audioPlay":false,"sceneViewState":{"m_AlwaysRefresh":false,"showFog":true,"showSkybox":true,"showFlares":true,"showImageEffects":true,"showParticleSystems":true,"showVisualEffectGraphs":true,"m_FxEnabled":true},"in2DMode":false,"pivot":{"x":158.9355926513672,"y":142.30807495117188,"z":-179.13717651367188},"rotation":{"x":-0.27415141463279726,"y":0.41733187437057497,"z":-0.13370969891548158,"w":-0.8562671542167664},"size":3.906313896179199,"orthographic":false}