{"cameraMode":{"drawMode":0,"name":"Shaded","section":"Shading Mode"},"sceneLighting":true,"audioPlay":false,"sceneViewState":{"m_AlwaysRefresh":false,"showFog":true,"showSkybox":true,"showFlares":true,"showImageEffects":true,"showParticleSystems":true,"showVisualEffectGraphs":true,"m_FxEnabled":true},"in2DMode":false,"pivot":{"x":85.73609161376953,"y":5.342954635620117,"z":4.461650371551514},"rotation":{"x":0.21358941495418549,"y":0.7323729991912842,"z":-0.26516711711883547,"w":0.5897817015647888},"size":0.16122952103614808,"orthographic":false}